{"cameraMode":{"drawMode":0,"name":"Shaded","section":"Shading Mode"},"sceneLighting":false,"audioPlay":false,"sceneViewState":{"showFog":true,"showMaterialUpdate":false,"showSkybox":false,"showFlares":true,"showImageEffects":true,"showParticleSystems":true},"in2DMode":false,"pivot":{"x":-3.369999885559082,"y":1.190000057220459,"z":-3.5899999141693117},"rotation":{"x":-0.061770085245370868,"y":0.0035899635404348375,"z":-0.00022237308439798653,"w":-0.998085618019104},"size":0.6495190262794495,"orthographic":false}